<tns:Envelope xmlns:tns="http://schemas.xmlsoap.org/soap/envelope/">
  <tns:Header>
    <hdr:DLGCommonHeaderExternal xmlns:hdr="http://directlinegroup.co.uk/Schemas/Headers/1/0">
      <hdr:ConsumerID>0101</hdr:ConsumerID>
      <hdr:BusinessContext/>
      <hdr:CorrelationID>ac0002ae43f74c6ca5563bde634f25c8</hdr:CorrelationID>
      <hdr:MessageID>ac0002ae43f74c6ca5563bde634f25c8</hdr:MessageID>
      <hdr:Timestamp>2018-08-31T10:09:37.087+01:00</hdr:Timestamp>
    </hdr:DLGCommonHeaderExternal>
  </tns:Header>
  <tns:Body>
    <impl:GetJobsRequest xmlns:impl="http://directlinegroup.co.uk/schemas/custdocs/custdocsesb/businessentity/1/0">
      <impl:request>
        <impl:startTime>Fri Aug 31 05:09:36 BST 2018</impl:startTime>
        <impl:endTime>Fri Aug 31 10:04:36 BST 2018</impl:endTime>
         <impl:jobId>456</impl:jobId>
        <impl:jobId>2</impl:jobId>
        <impl:jobId>7685</impl:jobId>
       
      <impl:status>1</impl:status>
        <impl:status>2</impl:status>
        <impl:status>3</impl:status>
        <impl:status>4</impl:status>
        <impl:status>5</impl:status>
        <impl:status>6</impl:status>
        <impl:status>6</impl:status>
        <impl:status>7</impl:status>
      </impl:request>
    </impl:GetJobsRequest>
  </tns:Body>
</tns:Envelope>
