{   "items" : [ {     "queue" : "AndrewsQueue",     "input" : null,     "progress" : "0",     "project" : null,     "type" : "BIN",     "id" : 241,     "config" : null,     "range" : null,     "status" : "FAILED",     "inputData" : null,     "configData" : null,     "appliance" : "AndrewsAppliance_08-00-27-92-C2-80",     "purgeLocked" : false,     "testStatus" : null,     "submitted" : "2018-06-14T17:33:36.067Z",     "started" : "2018-06-14T17:33:37.25Z",     "finished" : "2018-06-14T17:33:40.557Z",     "jobFiles" : null,     "jobProperties" : null,     "name" : null   }, {     "queue" : "AndrewsQueue",     "input" : null,     "progress" : "0",     "project" : null,     "type" : "BUNDLE",     "id" : 240,     "config" : null,     "range" : null,     "status" : "FAILED",     "inputData" : null,     "configData" : null,     "appliance" : "AndrewsAppliance_08-00-27-92-C2-80",     "purgeLocked" : false,     "testStatus" : null,     "submitted" : "2018-06-14T17:33:30.1Z",     "started" : "2018-06-14T17:33:33.997Z",     "finished" : "2018-06-14T17:33:39.823Z",     "jobFiles" : null,     "jobProperties" : null,     "name" : null   }, {     "queue" : "AndrewsQueue",     "input" : null,     "progress" : "0",     "project" : null,     "type" : "BIN",     "id" : 235,     "config" : null,     "range" : null,     "status" : "FAILED",     "inputData" : null,     "configData" : null,     "appliance" : "AndrewsAppliance_08-00-27-92-C2-80",     "purgeLocked" : false,     "testStatus" : null,     "submitted" : "2018-06-14T17:30:46.26Z",     "started" : "2018-06-14T17:30:47.507Z",     "finished" : "2018-06-14T17:30:51.873Z",     "jobFiles" : null,     "jobProperties" : null,     "name" : null   }, {     "queue" : "AndrewsQueue",     "input" : null,     "progress" : "0",     "project" : null,     "type" : "BUNDLE",     "id" : 234,     "config" : null,     "range" : null,     "status" : "FAILED",     "inputData" : null,     "configData" : null,     "appliance" : "AndrewsAppliance_08-00-27-92-C2-80",     "purgeLocked" : false,     "testStatus" : null,     "submitted" : "2018-06-14T17:30:37.273Z",     "started" : "2018-06-14T17:30:44.007Z",     "finished" : "2018-06-14T17:30:51.16Z",     "jobFiles" : null,     "jobProperties" : null,     "name" : null   }, {     "queue" : "AndrewsQueue",     "input" : "/mnt/autofs/input/print/bank-data-3-trans-1-error.xml",     "progress" : "6",     "project" : 157673530,     "type" : "TRANSACTION_FILE",     "id" : 233,     "config" : 157811929,     "range" : null,     "status" : "FAILED",     "inputData" : null,     "configData" : null,     "appliance" : "AndrewsAppliance_08-00-27-92-C2-80",     "purgeLocked" : false,     "testStatus" : null,     "submitted" : "2018-06-14T17:30:19.877Z",     "started" : "2018-06-14T17:30:24.03Z",     "finished" : "2018-06-14T17:32:37.053Z",     "jobFiles" : null,     "jobProperties" : null,     "name" : "Test Job"   }, {     "queue" : "AndrewsQueue",     "input" : "/mnt/autofs/input/print/bank-data-3-trans-1-error.xml",     "progress" : "6",     "project" : 157673530,     "type" : "TRANSACTION_FILE",     "id" : 232,     "config" : 157811929,     "range" : null,     "status" : "FAILED",     "inputData" : null,     "configData" : null,     "appliance" : "AndrewsAppliance_08-00-27-92-C2-80",     "purgeLocked" : false,     "testStatus" : null,     "submitted" : "2018-06-14T17:17:47.543Z",     "started" : "2018-06-14T17:17:53.967Z",     "finished" : "2018-06-14T17:18:15.98Z",     "jobFiles" : null,     "jobProperties" : null,     "name" : "Test Job"   }, {     "queue" : "AndrewsQueue",     "input" : "/mnt/autofs/input/print/bank-data-3-trans-1-error.xml",     "progress" : "0",     "project" : 157673530,     "type" : "TRANSACTION_FILE",     "id" : 231,     "config" : 157811929,     "range" : null,     "status" : "FAILED",     "inputData" : null,     "configData" : null,     "appliance" : "AndrewsAppliance_08-00-27-92-C2-80",     "purgeLocked" : false,     "testStatus" : null,     "submitted" : "2018-06-14T17:14:04.48Z",     "started" : "2018-06-14T17:14:13.91Z",     "finished" : "2018-06-14T17:14:16.777Z",     "jobFiles" : null,     "jobProperties" : null,     "name" : "Test Job"   }, {     "queue" : "AndrewsQueue",     "input" : "/mnt/autofs/input/print/bank-data-3-trans-1-error.xml",     "progress" : "0",     "project" : 157673530,     "type" : "TRANSACTION_FILE",     "id" : 230,     "config" : 157811929,     "range" : null,     "status" : "FAILED",     "inputData" : null,     "configData" : null,     "appliance" : "AndrewsAppliance_08-00-27-92-C2-80",     "purgeLocked" : false,     "testStatus" : null,     "submitted" : "2018-06-14T17:09:52.51Z",     "started" : "2018-06-14T17:09:54.047Z",     "finished" : "2018-06-14T17:10:04.587Z",     "jobFiles" : null,     "jobProperties" : null,     "name" : "Test Job"   }, {     "queue" : "AndrewsQueue",     "input" : "/mnt/autofs/input/print/bank-data-5-trans-1-error.xml",     "progress" : "10",     "project" : 157673530,     "type" : "TRANSACTION_FILE",     "id" : 229,     "config" : 157811929,     "range" : null,     "status" : "FAILED",     "inputData" : null,     "configData" : null,     "appliance" : "AndrewsAppliance_08-00-27-92-C2-80",     "purgeLocked" : false,     "testStatus" : null,     "submitted" : "2018-06-08T11:52:13.24Z",     "started" : "2018-06-08T11:52:15.757Z",     "finished" : "2018-06-08T11:52:24.417Z",     "jobFiles" : null,     "jobProperties" : null,     "name" : "Test Job"   }, {     "queue" : "AndrewsQueue",     "input" : "/mnt/autofs/input/print/bank-data-5-trans-1-error.xml",     "progress" : "10",     "project" : 157673530,     "type" : "TRANSACTION_FILE",     "id" : 228,     "config" : 157811929,     "range" : null,     "status" : "FAILED",     "inputData" : null,     "configData" : null,     "appliance" : "AndrewsAppliance_08-00-27-92-C2-80",     "purgeLocked" : false,     "testStatus" : null,     "submitted" : "2018-06-08T11:49:26.81Z",     "started" : "2018-06-08T11:49:35.757Z",     "finished" : "2018-06-08T11:50:53.307Z",     "jobFiles" : null,     "jobProperties" : null,     "name" : "Test Job"   }, {     "queue" : "AndrewsQueue",     "input" : null,     "progress" : "0",     "project" : null,     "type" : "BIN",     "id" : 227,     "config" : null,     "range" : null,     "status" : "FAILED",     "inputData" : null,     "configData" : null,     "appliance" : "AndrewsAppliance_08-00-27-92-C2-80",     "purgeLocked" : false,     "testStatus" : null,     "submitted" : "2018-06-08T11:01:14.147Z",     "started" : "2018-06-08T11:01:15.803Z",     "finished" : "2018-06-08T11:01:19.967Z",     "jobFiles" : null,     "jobProperties" : null,     "name" : null   }, {     "queue" : "AndrewsQueue",     "input" : null,     "progress" : "0",     "project" : null,     "type" : "BIN",     "id" : 226,     "config" : null,     "range" : null,     "status" : "FAILED",     "inputData" : null,     "configData" : null,     "appliance" : "AndrewsAppliance_08-00-27-92-C2-80",     "purgeLocked" : false,     "testStatus" : null,     "submitted" : "2018-06-08T11:01:07.553Z",     "started" : "2018-06-08T11:01:08.737Z",     "finished" : "2018-06-08T11:01:12.157Z",     "jobFiles" : null,     "jobProperties" : null,     "name" : null   }, {     "queue" : "AndrewsQueue",     "input" : null,     "progress" : "0",     "project" : null,     "type" : "BUNDLE",     "id" : 225,     "config" : null,     "range" : null,     "status" : "FAILED",     "inputData" : null,     "configData" : null,     "appliance" : "AndrewsAppliance_08-00-27-92-C2-80",     "purgeLocked" : false,     "testStatus" : null,     "submitted" : "2018-06-08T11:00:57.327Z",     "started" : "2018-06-08T11:01:12.67Z",     "finished" : "2018-06-08T11:01:19.27Z",     "jobFiles" : null,     "jobProperties" : null,     "name" : null   }, {     "queue" : "AndrewsQueue",     "input" : null,     "progress" : "0",     "project" : null,     "type" : "BUNDLE",     "id" : 374,     "config" : null,     "range" : null,     "status" : "FAILED",     "inputData" : null,     "configData" : null,     "appliance" : "AndrewsAppliance_08-00-27-92-C2-80",     "purgeLocked" : false,     "testStatus" : null,     "submitted" : "2018-06-08T11:00:56.717Z",     "started" : "2018-06-08T11:01:05.577Z",     "finished" : "2018-06-08T11:01:11.497Z",     "jobFiles" : null,     "jobProperties" : null,     "name" : null   }, {     "queue" : "AndrewsQueue",     "input" : "/mnt/autofs/input/print/bank-data-5-trans-1-error.xml",     "progress" : "10",     "project" : 157673530,     "type" : "TRANSACTION_FILE",     "id" : 223,     "config" : 157811929,     "range" : null,     "status" : "FAILED",     "inputData" : null,     "configData" : null,     "appliance" : "AndrewsAppliance_08-00-27-92-C2-80",     "purgeLocked" : false,     "testStatus" : null,     "submitted" : "2018-06-08T11:00:41.193Z",     "started" : "2018-06-08T11:00:45.587Z",     "finished" : "2018-06-08T11:01:20.66Z",     "jobFiles" : null,     "jobProperties" : null,     "name" : "Test Job"   }, {     "queue" : "AndrewsQueue",     "input" : null,     "progress" : "0",     "project" : null,     "type" : "BIN",     "id" : 222,     "config" : null,     "range" : null,     "status" : "FAILED",     "inputData" : null,     "configData" : null,     "appliance" : "AndrewsAppliance_08-00-27-92-C2-80",     "purgeLocked" : false,     "testStatus" : null,     "submitted" : "2018-06-08T10:23:13.717Z",     "started" : "2018-06-08T10:23:15.063Z",     "finished" : "2018-06-08T10:23:19.063Z",     "jobFiles" : null,     "jobProperties" : null,     "name" : null   }, {     "queue" : "AndrewsQueue",     "input" : null,     "progress" : "0",     "project" : null,     "type" : "BUNDLE",     "id" : 220,     "config" : null,     "range" : null,     "status" : "FAILED",     "inputData" : null,     "configData" : null,     "appliance" : "AndrewsAppliance_08-00-27-92-C2-80",     "purgeLocked" : false,     "testStatus" : null,     "submitted" : "2018-06-08T10:22:56.983Z",     "started" : "2018-06-08T10:23:12.207Z",     "finished" : "2018-06-08T10:23:18.433Z",     "jobFiles" : null,     "jobProperties" : null,     "name" : null   }, {     "queue" : "AndrewsQueue",     "input" : "/mnt/autofs/input/print/bank-data-5-trans-1-error.xml",     "progress" : "10",     "project" : 157673530,     "type" : "TRANSACTION_FILE",     "id" : 218,     "config" : 157811929,     "range" : null,     "status" : "FAILED",     "inputData" : null,     "configData" : null,     "appliance" : "AndrewsAppliance_08-00-27-92-C2-80",     "purgeLocked" : false,     "testStatus" : null,     "submitted" : "2018-06-08T10:22:29.123Z",     "started" : "2018-06-08T10:22:36.847Z",     "finished" : "2018-06-08T10:23:24.93Z",     "jobFiles" : null,     "jobProperties" : null,     "name" : "Test Job"   }, {     "queue" : "AndrewsQueue",     "input" : "/mnt/autofs/input/reprint/bank-data-5-trans-1-error.xml",     "progress" : "10",     "project" : 157673530,     "type" : "TRANSACTION_FILE",     "id" : 216,     "config" : 157811929,     "range" : null,     "status" : "FAILED",     "inputData" : null,     "configData" : null,     "appliance" : "AndrewsAppliance_08-00-27-92-C2-80",     "purgeLocked" : false,     "testStatus" : null,     "submitted" : "2018-06-08T10:17:42.79Z",     "started" : "2018-06-08T10:17:45.487Z",     "finished" : "2018-06-08T10:17:56.717Z",     "jobFiles" : null,     "jobProperties" : null,     "name" : "Test Job"   }, {     "queue" : "AndrewsQueue",     "input" : "/mnt/autofs/input/email/bank-data-5-trans-1-error.xml",     "progress" : "10",     "project" : 157673530,     "type" : "TRANSACTION_FILE",     "id" : 214,     "config" : 157811929,     "range" : null,     "status" : "FAILED",     "inputData" : null,     "configData" : null,     "appliance" : "AndrewsAppliance_08-00-27-92-C2-80",     "purgeLocked" : false,     "testStatus" : null,     "submitted" : "2018-06-08T10:12:54.313Z",     "started" : "2018-06-08T10:12:55.43Z",     "finished" : "2018-06-08T10:13:10.867Z",     "jobFiles" : null,     "jobProperties" : null,     "name" : "Test Job"   }, {     "queue" : "AndrewsQueue",     "input" : "/mnt/autofs/input/email/bank-data-5-trans-1-error.xml",     "progress" : "10",     "project" : 157673530,     "type" : "TRANSACTION_FILE",     "id" : 213,     "config" : 157811929,     "range" : null,     "status" : "FAILED",     "inputData" : null,     "configData" : null,     "appliance" : "AndrewsAppliance_08-00-27-92-C2-80",     "purgeLocked" : false,     "testStatus" : null,     "submitted" : "2018-06-08T10:00:26.163Z",     "started" : "2018-06-08T10:00:35.553Z",     "finished" : "2018-06-08T10:00:55.46Z",     "jobFiles" : null,     "jobProperties" : null,     "name" : "Test Job"   }, {     "queue" : "AndrewsQueue",     "input" : "/mnt/autofs/input/email/bank-data-5-trans-1-error.xml",     "progress" : "10",     "project" : 157673530,     "type" : "TRANSACTION_FILE",     "id" : 212,     "config" : 157811929,     "range" : null,     "status" : "FAILED",     "inputData" : null,     "configData" : null,     "appliance" : "AndrewsAppliance_08-00-27-92-C2-80",     "purgeLocked" : false,     "testStatus" : null,     "submitted" : "2018-06-08T09:24:05.037Z",     "started" : "2018-06-08T09:24:15.317Z",     "finished" : "2018-06-08T09:24:33.807Z",     "jobFiles" : null,     "jobProperties" : null,     "name" : "Test Job"   }, {     "queue" : "AndrewsQueue",     "input" : null,     "progress" : "0",     "project" : null,     "type" : "BIN",     "id" : 211,     "config" : null,     "range" : null,     "status" : "FAILED",     "inputData" : null,     "configData" : null,     "appliance" : "AndrewsAppliance_08-00-27-92-C2-80",     "purgeLocked" : false,     "testStatus" : null,     "submitted" : "2018-06-08T08:58:03.87Z",     "started" : "2018-06-08T08:58:05.463Z",     "finished" : "2018-06-08T08:58:09.267Z",     "jobFiles" : null,     "jobProperties" : null,     "name" : null   }, {     "queue" : "AndrewsQueue",     "input" : null,     "progress" : "0",     "project" : null,     "type" : "BUNDLE",     "id" : 209,     "config" : null,     "range" : null,     "status" : "FAILED",     "inputData" : null,     "configData" : null,     "appliance" : "AndrewsAppliance_08-00-27-92-C2-80",     "purgeLocked" : false,     "testStatus" : null,     "submitted" : "2018-06-08T08:57:56.203Z",     "started" : "2018-06-08T08:58:02.347Z",     "finished" : "2018-06-08T08:58:08.543Z",     "jobFiles" : null,     "jobProperties" : null,     "name" : null   }, {     "queue" : "AndrewsQueue",     "input" : "/mnt/autofs/input/print/bank-data-5-trans-1-error.xml",     "progress" : "10",     "project" : 157673530,     "type" : "TRANSACTION_FILE",     "id" : 207,     "config" : 157811929,     "range" : null,     "status" : "FAILED",     "inputData" : null,     "configData" : null,     "appliance" : "AndrewsAppliance_08-00-27-92-C2-80",     "purgeLocked" : false,     "testStatus" : null,     "submitted" : "2018-06-08T08:57:41.187Z",     "started" : "2018-06-08T08:57:45.277Z",     "finished" : "2018-06-08T08:58:15.477Z",     "jobFiles" : null,     "jobProperties" : null,     "name" : "Test Job"   }, {     "queue" : "AndrewsQueue",     "input" : "/mnt/autofs/input/email/bank-data-5-trans-1-error.xml",     "progress" : "10",     "project" : 157673530,     "type" : "TRANSACTION_FILE",     "id" : 206,     "config" : 157811929,     "range" : null,     "status" : "FAILED",     "inputData" : null,     "configData" : null,     "appliance" : "AndrewsAppliance_08-00-27-92-C2-80",     "purgeLocked" : false,     "testStatus" : null,     "submitted" : "2018-06-08T08:55:00.117Z",     "started" : "2018-06-08T08:55:04.723Z",     "finished" : "2018-06-08T08:55:14.547Z",     "jobFiles" : null,     "jobProperties" : null,     "name" : "Test Job"   }, {     "queue" : "AndrewsQueue",     "input" : "/mnt/autofs/input/email/bank-data-5-trans.xml",     "progress" : "10",     "project" : 157673530,     "type" : "TRANSACTION_FILE",     "id" : 199,     "config" : 157811929,     "range" : null,     "status" : "FAILED",     "inputData" : null,     "configData" : null,     "appliance" : "AndrewsAppliance_08-00-27-92-C2-80",     "purgeLocked" : false,     "testStatus" : null,     "submitted" : "2018-06-08T08:46:14.687Z",     "started" : "2018-06-08T08:46:21.403Z",     "finished" : "2018-06-08T08:46:56.08Z",     "jobFiles" : null,     "jobProperties" : null,     "name" : "Test Job"   }, {     "queue" : "AndrewsQueue",     "input" : "/mnt/autofs/input/bank-data-5-trans-1-error.xml",     "progress" : "10",     "project" : 157673530,     "type" : "TRANSACTION_FILE",     "id" : 197,     "config" : 157811929,     "range" : null,     "status" : "FAILED",     "inputData" : null,     "configData" : null,     "appliance" : "AndrewsAppliance_08-00-27-92-C2-80",     "purgeLocked" : false,     "testStatus" : null,     "submitted" : "2018-06-06T16:40:17.773Z",     "started" : "2018-06-06T16:40:22.703Z",     "finished" : "2018-06-06T16:41:18.497Z",     "jobFiles" : null,     "jobProperties" : null,     "name" : "Test Job"   }, {     "queue" : "AndrewsQueue",     "input" : null,     "progress" : "0",     "project" : null,     "type" : "BIN",     "id" : 196,     "config" : null,     "range" : null,     "status" : "FAILED",     "inputData" : null,     "configData" : null,     "appliance" : "AndrewsAppliance_08-00-27-92-C2-80",     "purgeLocked" : false,     "testStatus" : null,     "submitted" : "2018-06-06T16:33:21.867Z",     "started" : "2018-06-06T16:33:23.043Z",     "finished" : "2018-06-06T16:33:27.817Z",     "jobFiles" : null,     "jobProperties" : null,     "name" : null   }, {     "queue" : "AndrewsQueue",     "input" : null,     "progress" : "0",     "project" : null,     "type" : "BUNDLE",     "id" : 194,     "config" : null,     "range" : null,     "status" : "FAILED",     "inputData" : null,     "configData" : null,     "appliance" : "AndrewsAppliance_08-00-27-92-C2-80",     "purgeLocked" : false,     "testStatus" : null,     "submitted" : "2018-06-06T16:33:02.983Z",     "started" : "2018-06-06T16:33:20.17Z",     "finished" : "2018-06-06T16:33:26.993Z",     "jobFiles" : null,     "jobProperties" : null,     "name" : null   }, {     "queue" : "AndrewsQueue",     "input" : "/mnt/autofs/input/bank-data-5-trans-1-error.xml",     "progress" : "10",     "project" : 157673530,     "type" : "TRANSACTION_FILE",     "id" : 192,     "config" : 157811929,     "range" : null,     "status" : "FAILED",     "inputData" : null,     "configData" : null,     "appliance" : "AndrewsAppliance_08-00-27-92-C2-80",     "purgeLocked" : false,     "testStatus" : null,     "submitted" : "2018-06-06T16:32:14.253Z",     "started" : "2018-06-06T16:32:22.657Z",     "finished" : "2018-06-06T16:33:35.41Z",     "jobFiles" : null,     "jobProperties" : null,     "name" : "Test Job"   }, {     "queue" : "AndrewsQueue",     "input" : null,     "progress" : "0",     "project" : null,     "type" : "BIN",     "id" : 191,     "config" : null,     "range" : null,     "status" : "FAILED",     "inputData" : null,     "configData" : null,     "appliance" : "AndrewsAppliance_08-00-27-92-C2-80",     "purgeLocked" : false,     "testStatus" : null,     "submitted" : "2018-06-06T15:52:07.433Z",     "started" : "2018-06-06T15:52:08.747Z",     "finished" : "2018-06-06T15:52:13.423Z",     "jobFiles" : null,     "jobProperties" : null,     "name" : null   }, {     "queue" : "AndrewsQueue",     "input" : null,     "progress" : "0",     "project" : null,     "type" : "BUNDLE",     "id" : 189,     "config" : null,     "range" : null,     "status" : "FAILED",     "inputData" : null,     "configData" : null,     "appliance" : "AndrewsAppliance_08-00-27-92-C2-80",     "purgeLocked" : false,     "testStatus" : null,     "submitted" : "2018-06-06T15:51:53.08Z",     "started" : "2018-06-06T15:52:05.76Z",     "finished" : "2018-06-06T15:52:12.707Z",     "jobFiles" : null,     "jobProperties" : null,     "name" : null   }, {     "queue" : "AndrewsQueue",     "input" : "/mnt/autofs/input/bank-data-5-trans-1-error.xml",     "progress" : "10",     "project" : 157673530,     "type" : "TRANSACTION_FILE",     "id" : 187,     "config" : 157811929,     "range" : null,     "status" : "FAILED",     "inputData" : null,     "configData" : null,     "appliance" : "AndrewsAppliance_08-00-27-92-C2-80",     "purgeLocked" : false,     "testStatus" : null,     "submitted" : "2018-06-06T15:47:42.89Z",     "started" : "2018-06-06T15:51:08.477Z",     "finished" : "2018-06-06T15:52:16.993Z",     "jobFiles" : null,     "jobProperties" : null,     "name" : "Test Job"   }, {     "queue" : "AndrewsQueue",     "input" : "/mnt/autofs/input/bank-data-5-trans-1-error.xml",     "progress" : null,     "project" : 157673530,     "type" : "TRANSACTION_FILE",     "id" : 186,     "config" : 157811929,     "range" : null,     "status" : "FAILED",     "inputData" : null,     "configData" : null,     "appliance" : "AndrewsAppliance_08-00-27-92-C2-80",     "purgeLocked" : false,     "testStatus" : null,     "submitted" : "2018-06-06T14:55:13.833Z",     "started" : "2018-06-06T15:41:00.007Z",     "finished" : "2018-06-06T15:42:31Z",     "jobFiles" : null,     "jobProperties" : null,     "name" : "Test Job"   }, {     "queue" : "AndrewsQueue",     "input" : null,     "progress" : "0",     "project" : null,     "type" : "BIN",     "id" : 185,     "config" : null,     "range" : null,     "status" : "FAILED",     "inputData" : null,     "configData" : null,     "appliance" : "AndrewsAppliance_08-00-27-92-C2-80",     "purgeLocked" : false,     "testStatus" : null,     "submitted" : "2018-06-04T10:40:31.343Z",     "started" : "2018-06-04T10:40:32.577Z",     "finished" : "2018-06-04T10:40:37.107Z",     "jobFiles" : null,     "jobProperties" : null,     "name" : null   }, {     "queue" : "AndrewsQueue",     "input" : null,     "progress" : "0",     "project" : null,     "type" : "BUNDLE",     "id" : 183,     "config" : null,     "range" : null,     "status" : "FAILED",     "inputData" : null,     "configData" : null,     "appliance" : "AndrewsAppliance_08-00-27-92-C2-80",     "purgeLocked" : false,     "testStatus" : null,     "submitted" : "2018-06-04T10:40:20.793Z",     "started" : "2018-06-04T10:40:29.81Z",     "finished" : "2018-06-04T10:40:36.337Z",     "jobFiles" : null,     "jobProperties" : null,     "name" : null   }, {     "queue" : "AndrewsQueue",     "input" : "/mnt/autofs/input/bank-data-5-trans-1-error.xml",     "progress" : "10",     "project" : 157673530,     "type" : "TRANSACTION_FILE",     "id" : 4,     "config" : 157811929,     "range" : null,     "status" : "FAILED",     "inputData" : null,     "configData" : null,     "appliance" : "AndrewsAppliance_08-00-27-92-C2-80",     "purgeLocked" : false,     "testStatus" : null,     "submitted" : "2018-06-04T10:39:53.683Z",     "started" : "2018-06-04T10:40:03.487Z",     "finished" : "2018-06-04T10:40:43.697Z",     "jobFiles" : null,     "jobProperties" : null,     "name" : "Test Job"   }, {     "queue" : "AndrewsQueue",     "input" : null,     "progress" : "0",     "project" : null,     "type" : "BUNDLE",     "id" : 180,     "config" : null,     "range" : null,     "status" : "FAILED",     "inputData" : null,     "configData" : null,     "appliance" : "AndrewsAppliance_08-00-27-92-C2-80",     "purgeLocked" : false,     "testStatus" : null,     "submitted" : "2018-06-04T10:37:47.313Z",     "started" : "2018-06-04T10:37:53.393Z",     "finished" : "2018-06-04T10:37:56.47Z",     "jobFiles" : null,     "jobProperties" : null,     "name" : null   }, {     "queue" : "AndrewsQueue",     "input" : "/mnt/autofs/input/bank-data-5-trans-1-error.xml",     "progress" : "10",     "project" : 157673530,     "type" : "TRANSACTION_FILE",     "id" : 177,     "config" : 157811929,     "range" : null,     "status" : "FAILED",     "inputData" : null,     "configData" : null,     "appliance" : "AndrewsAppliance_08-00-27-92-C2-80",     "purgeLocked" : false,     "testStatus" : null,     "submitted" : "2018-06-04T10:36:54.403Z",     "started" : "2018-06-04T10:37:03.387Z",     "finished" : "2018-06-04T10:38:01.61Z",     "jobFiles" : null,     "jobProperties" : null,     "name" : "Test Job"   }, {     "queue" : "AndrewsQueue",     "input" : null,     "progress" : "0",     "project" : null,     "type" : "BIN",     "id" : 176,     "config" : null,     "range" : null,     "status" : "FAILED",     "inputData" : null,     "configData" : null,     "appliance" : "AndrewsAppliance_08-00-27-92-C2-80",     "purgeLocked" : false,     "testStatus" : null,     "submitted" : "2018-06-01T09:41:33.927Z",     "started" : "2018-06-01T09:41:35.55Z",     "finished" : "2018-06-01T09:41:39.363Z",     "jobFiles" : null,     "jobProperties" : null,     "name" : null   }, {     "queue" : "AndrewsQueue",     "input" : null,     "progress" : "0",     "project" : null,     "type" : "BUNDLE",     "id" : 1,     "config" : null,     "range" : null,     "status" : "FAILED",     "inputData" : null,     "configData" : null,     "appliance" : "AndrewsAppliance_08-00-27-92-C2-80",     "purgeLocked" : false,     "testStatus" : null,     "submitted" : "2018-06-01T09:41:20.033Z",     "started" : "2018-06-01T09:41:32.43Z",     "finished" : "2018-06-01T09:41:38.54Z",     "jobFiles" : null,     "jobProperties" : null,     "name" : null   }, {     "queue" : "AndrewsQueue",     "input" : "/mnt/autofs/input/bank-data-5-trans-1-error.xml",     "progress" : "10",     "project" : 157673530,     "type" : "TRANSACTION_FILE",     "id" : 172,     "config" : 157811929,     "range" : null,     "status" : "FAILED",     "inputData" : null,     "configData" : null,     "appliance" : "AndrewsAppliance_08-00-27-92-C2-80",     "purgeLocked" : false,     "testStatus" : null,     "submitted" : "2018-06-01T09:40:55.3Z",     "started" : "2018-06-01T09:41:05.41Z",     "finished" : "2018-06-01T09:41:45.807Z",     "jobFiles" : null,     "jobProperties" : null,     "name" : "Test Job"   }, {     "queue" : "AndrewsQueue",     "input" : "/mnt/autofs/input/bank-data-5-trans-1-error.xml",     "progress" : "0",     "project" : 157673530,     "type" : "TRANSACTION_FILE",     "id" : 171,     "config" : 157811929,     "range" : null,     "status" : "FAILED",     "inputData" : null,     "configData" : null,     "appliance" : "AndrewsAppliance_08-00-27-92-C2-80",     "purgeLocked" : false,     "testStatus" : null,     "submitted" : "2018-06-01T09:29:04.127Z",     "started" : "2018-06-01T09:29:05.347Z",     "finished" : "2018-06-01T09:29:13.167Z",     "jobFiles" : null,     "jobProperties" : null,     "name" : "Test Job"   }, {     "queue" : "AndrewsQueue",     "input" : "/mnt/autofs/input/bank-data-5-trans-1-error.xml",     "progress" : "10",     "project" : 157673530,     "type" : "TRANSACTION_FILE",     "id" : 158,     "config" : 157811929,     "range" : null,     "status" : "FAILED",     "inputData" : null,     "configData" : null,     "appliance" : "AndrewsAppliance_08-00-27-92-C2-80",     "purgeLocked" : false,     "testStatus" : null,     "submitted" : "2018-06-01T09:21:34.517Z",     "started" : "2018-06-01T09:21:35.437Z",     "finished" : "2018-06-01T09:24:26.69Z",     "jobFiles" : null,     "jobProperties" : null,     "name" : "Test Job"   }, {     "queue" : "AndrewsQueue",     "input" : "/mnt/autofs/input/bank-data-5-trans-1-error.xml",     "progress" : "10",     "project" : 157673530,     "type" : "TRANSACTION_FILE",     "id" : 155,     "config" : 157811929,     "range" : null,     "status" : "FAILED",     "inputData" : null,     "configData" : null,     "appliance" : "AndrewsAppliance_08-00-27-92-C2-80",     "purgeLocked" : false,     "testStatus" : null,     "submitted" : "2018-05-31T16:35:54.687Z",     "started" : "2018-05-31T16:36:04.843Z",     "finished" : "2018-06-01T09:22:25.033Z",     "jobFiles" : null,     "jobProperties" : null,     "name" : "Test Job"   }, {     "queue" : "AndrewsQueue",     "input" : "/mnt/autofs/input/bank-data-1-trans-fatal.xml",     "progress" : "2",     "project" : 157673530,     "type" : "TRANSACTION_FILE",     "id" : 8,     "config" : 157811929,     "range" : null,     "status" : "FAILED",     "inputData" : null,     "configData" : null,     "appliance" : "AndrewsAppliance_08-00-27-92-C2-80",     "purgeLocked" : false,     "testStatus" : null,     "submitted" : "2018-05-31T10:20:40.037Z",     "started" : "2018-05-31T10:20:43.54Z",     "finished" : "2018-05-31T10:21:03.127Z",     "jobFiles" : null,     "jobProperties" : null,     "name" : "Test Job"   }, {     "queue" : "AndrewsQueue",     "input" : "/mnt/autofs/input/bank-data-5-trans-1-error.xml",     "progress" : "10",     "project" : 157673530,     "type" : "TRANSACTION_FILE",     "id" : 3,     "config" : 157811929,     "range" : null,     "status" : "FAILED",     "inputData" : null,     "configData" : null,     "appliance" : "AndrewsAppliance_08-00-27-92-C2-80",     "purgeLocked" : false,     "testStatus" : null,     "submitted" : "2018-05-01T08:45:26.773Z",     "started" : "2018-05-01T08:45:36.917Z",     "finished" : "2018-05-01T22:05:31.45Z",     "jobFiles" : null,     "jobProperties" : null,     "name" : "Test Job"   }, {     "queue" : "AndrewsQueue",     "input" : "/mnt/autofs/input/bank-data-5-trans-1-error.xml",     "progress" : "10",     "project" : 157673530,     "type" : "TRANSACTION_FILE",     "id" : 89,     "config" : 157811929,     "range" : null,     "status" : "FAILED",     "inputData" : null,     "configData" : null,     "appliance" : "AndrewsAppliance_08-00-27-92-C2-80",     "purgeLocked" : false,     "testStatus" : null,     "submitted" : "2018-05-01T08:43:54.4Z",     "started" : "2018-05-01T08:43:56.943Z",     "finished" : "2018-05-01T08:44:06.217Z",     "jobFiles" : null,     "jobProperties" : null,     "name" : "Test Job"   }, {     "queue" : "AndrewsQueue",     "input" : "/mnt/autofs/input/bank-data-5-trans.xml",     "progress" : "0",     "project" : 157673530,     "type" : "TRANSACTION_FILE",     "id" : 6,     "config" : 157811929,     "range" : null,     "status" : "FAILED",     "inputData" : null,     "configData" : null,     "appliance" : "AndrewsAppliance_08-00-27-92-C2-80",     "purgeLocked" : false,     "testStatus" : null,     "submitted" : "2018-05-01T08:42:37.16Z",     "started" : "2018-05-01T08:42:46.997Z",     "finished" : "2018-05-01T08:42:49.217Z",     "jobFiles" : null,     "jobProperties" : null,     "name" : "Test Job"   } ],   "from" : 0,   "totalItems" : 69,   "groupSummaries" : [ {     "summary" : {       "FAILED" : 69,       "QUEUED" : 0,       "RUNNING" : 0,       "STOPPED" : 0,       "SPOOLED" : 0,       "STOPPING" : 0,       "FINISHED" : 0,       "FINISHED_W_WORKFLOW" : 0     },     "name" : "JobStatus"   } ],   "size" : 50 }